"index","age","cp","trestbps","chol","fbs","restecg","thalach","exang","oldpeak","slope","ca","thal","nar","hc","sk","trf"
280,41,10000,120,"157.0",0,1,182,0,"0.0","2.0",0,2,2,0,0,"3451.602567915765"
282,66,10000,160,"246.0",0,1,120,1,"0.0","1.0",3,1,2,1,1,"2861.1411846564793"
283,54,10000,125,"273.0",0,0,152,0,"0.5","0.0",1,2,2,2,0,"6293.123474395483"
286,67,10000,125,"254.0",1,1,163,0,"0.2","1.0",2,3,2,0,2,"768.900794718661"